"tyear","Period","Agriculture","CropProduction","Livestock","Forestry","Fishing","Industry","MiningAndQuarrying","CrudePetroleumAndNaturalGas","CoalMining","MetalOres","QuarryingAndOtherMinerals","Manufacturing","OilRefining","Cement","FoodBeverageAndTobacco","TextileApparelAndFootwear","WoodAndWoodProducts","PulpPaperAndPaperProducts","ChemicalAndPharmaceuticalProducts","NonMetallicProducts","PlasticAndRubberProducts","ElectricalAndElectronics","BasicMetalIronAndSteel","MotorVehiclesAndAssembly","OtherManufacturing","ElectricityGasSteamAndAirCon","WaterSupplySewageWaste","Construction","Services","Trade","AccommodationAndFoodServices","TransportationAndStorage","RoadTransport","RailTransportAndPipelines","WaterTransport","AirTransport","TransportServices","PostAndCourierServices","InformationAndCommunication","Publishing","MotionPicturesSoundRecordingAndMusicProduction","Broadcasting","ArtsEntertainmentAndRecreation","FinanceAndInsurance","FinancialInstitutions","Insurance","RealEstate","ProfessionalScientificAndTechnicalServices","AdministrativeAndSupportServicesBusinessServices","PublicAdministration","Education","HumanHealthAndSocialServices","OtherServices","GDP at 2010 Constant Basic Prices","NetTaxesOnProducts","GDP at 2010 Constant Market Prices"
"1981","Annual","2364.37","1854.76","341.41","77.9","90.3","11753.4","5044.55","4977.42","21.33","7.86","37.95","5838.89","36.58","190.94","3278.24","1746.1","53.32","22.67","43.62","57.14","26.43","52.71","33","186.75","111.4","6.16","12.23","851.56","5431.79","1770.38","53.78","264.51","222.11","9.46","5.74","18.66","4.48","4.06","271.15","8.59","71.09","174.97","4.59","282.17","196.91","85.26","1063.96","421.38","3.23","807.08","242.56","113.46","133.53","19549.56","198.97","19748.53",
"1982","Annual","2425.96","1897.08","361.12","73.91","93.86","10189.1","4507.93","4453.09","10.29","5.87","38.68","4984.79","38.49","223.85","3042.93","674.27","50.31","24.17","43.69","57.25","26.18","61.86","38.22","590.77","112.81","6.82","10.35","679.2","5604.21","1846.95","50.8","211.89","168.11","10.16","4.66","21.24","4.52","3.2","290.07","9.7","71.66","192.54","4.63","372.27","242.67","129.6","1074.05","423.67","3.25","825.92","248.22","117.88","134.6","18219.27","185.7","18404.96",
"1983","Annual","2409.08","1842.7","393.13","75.28","97.96","8255.76","4096.99","4052.98","9.73","4.82","29.47","3537.72","27.86","79.27","2096.32","722.4","54.75","21.93","28.83","57.36","26.7","57.5","30.4","223.67","110.72","6.56","15.7","598.78","5563.96","1801.78","42.7","178.32","132.24","9.21","7.21","22.53","4.25","2.89","284.82","6.85","67.41","200.12","4.35","336.9","251.21","85.68","1086.7","481.17","3.69","844.77","253.88","118.27","126.6","16228.81","165.58","16394.39",
"1984","Annual","2303.51","1759.12","399.69","76.69","68.01","8392.25","4602.27","4559.2","14.03","3.68","25.36","3282.52","27.43","49.85","2139.26","624.22","59.58","19.9","20.56","56.98","27.24","50.07","24.18","74.57","108.66","6.93","12.38","488.14","5352.56","1662.3","35.97","170.28","127.54","9.42","4.81","22.04","3.48","2.99","259.17","6.08","55.23","182.55","3.57","267.29","200.95","66.34","1086.93","518.36","3.98","863.61","259.55","117.82","103.73","16048.31","163.18","16211.49",
"1985","Annual","2731.06","2180.91","428.1","78.08","43.97","8768.3","4962.81","4918.27","26.19","2.67","15.68","3453.72","39.08","249.27","2114.21","532.8","53.64","22.32","16.43","56.6","26.41","55.08","31.41","145.32","111.14","7.83","7.67","336.27","5498.16","1727.98","33.19","203.57","163.51","6.91","4.09","22.68","3.33","3.04","209.03","7.29","52.93","130.37","3.42","254.99","197.37","57.63","1091.38","602.46","4.62","882.46","265.21","120.43","99.41","16997.52","172.56","17170.08",
"1986","Annual","2986.84","2427.1","421.63","86.59","51.51","8347.53","4860.75","4825.5","26.19","0.62","8.43","3137.51","19.66","269.46","2009.53","363.28","48.29","25.04","11.57","57.3","25.61","85.27","40.8","68.02","113.68","5.12","8.4","335.76","5673.41","1788.77","33.67","180.15","144.76","6.66","3.04","19.11","3.47","3.1","209.23","7","55.08","128.82","3.56","303.11","240.19","62.92","1100.91","650.81","5","901.31","270.88","122.56","103.45","17007.77","172.77","17180.55",
"1987","Annual","2891.67","2330","433.43","87.59","40.65","8799.38","4737.23","4704.42","21.51","2.07","9.22","3680.71","28.92","229.33","2376.36","661.8","53.33","22.39","16.85","58.01","26.61","25.23","31.42","39.23","111.24","5.35","9.08","367","5861.06","1900.94","34.17","180.22","146.5","4.93","2.85","19.3","3.51","3.14","211.61","7.36","55.63","130.11","3.59","328.77","259.39","69.38","1112.49","658.62","5.06","920.15","276.54","124.41","104.49","17552.1","178.24","17730.34",
"1988","Annual","3174.57","2581.6","444.27","88.91","59.79","9514.81","4856.73","4828.68","15.53","2.36","10.16","4237.8","33.06","298.88","2965.98","612.28","58.9","20.02","16.49","56.99","27.64","8.1","24.19","6.41","108.85","5.4","10.49","404.4","6150.18","2073.8","34.22","180.52","148.25","3.84","3.15","18.54","3.54","3.19","214.6","8.3","56.18","131.42","3.63","398.17","319.76","78.42","1123.08","665.2","5.11","939","282.2","125.13","105.52","18839.55","191.14","19030.69",
"1989","Annual","3325.95","2710.67","453.16","67.31","94.81","9442.83","5435.67","5407.01","15.34","2.41","10.91","3568.69","43.03","314.58","2405.89","460.59","55.46","21.37","17.16","55.99","26.6","6.89","28.06","22.8","110.26","5.84","11.42","421.21","6432.39","2156.75","34.56","180.96","151.22","2.83","2.73","17.36","3.59","3.23","217.91","8.44","57.02","133.38","3.68","539.66","451.83","87.83","1139.87","675.18","5.18","957.84","287.87","125.83","107.09","19201.16","194.8","19395.96",
"1990","Annual","3464.72","2828.59","462.22","72.61","101.29","11148.1","6860.85","6831.77","15.53","2.14","11.41","3825.61","42.52","221.11","2684.15","519.47","52.22","22.8","14.61","57.16","25.6","6.72","32.56","35.03","111.69","6.36","13","442.27","6849.92","2221.45","34.91","184.57","154.24","2.89","2.78","17.7","3.66","3.3","222.75","9.08","58.16","136.05","3.75","785.4","700.68","84.72","1196.55","688.69","5.29","976.69","293.53","127.1","109.23","21462.73","217.47","21680.2",
"1991","Annual","3590.84","2955.88","454.82","74.79","105.35","10910.56","6265.3","6224.45","27.5","1.47","11.87","4165.39","45.33","246.03","2752.14","762.75","49.17","24.34","18.76","58.35","26.26","6.5","37.76","24.87","113.13","6.36","13.55","459.97","7038.21","2292.54","35.26","189.86","160.41","2.28","2.79","17.97","3.72","2.68","226.9","9.93","59.03","138.1","3.81","816.81","728.71","88.11","1244.15","699.01","5.37","987.04","296.64","129.95","110.87","21539.61","218.28","21757.9",
"1992","Annual","3674.79","3044.55","458.92","76.51","94.81","11578.98","6411.86","6381.26","17.4","0.87","12.33","4667.76","44.43","250.52","3220.08","795.47","50.92","23.41","18.96","57.26","26.93","6.39","34.51","26.58","112.28","7.1","14.36","477.9","7283.32","2363.61","35.96","199.2","170.04","1.64","2.54","17.62","3.97","3.39","237.98","9.45","62.99","145.01","4.07","848.16","757.85","90.31","1292.35","719.98","5.53","1015.43","305.17","137.58","118.3","22537.1","228.45","22765.55",
"1993","Annual","3743.67","3132.84","461.67","78.04","71.11","10790.31","6415.38","6394.6","6.92","0.91","12.95","3850.41","44","259.49","2560.67","630.46","52.74","22.52","20.71","56.2","27.62","5.56","31.54","27.46","111.43","7.2","15.51","501.8","7544.1","2434.51","36.5","205.3","178.54","1.3","2.87","14.73","4.37","3.49","253.3","9.06","69.29","153.7","4.47","879.58","786.65","92.93","1346.31","748.79","5.75","1044.82","314.01","140.62","130.13","22078.07","224.17","22302.24",
"1994","Annual","3839.68","3226.83","466.29","80.07","66.49","10151.7","6246.67","6229.46","2.81","1.07","13.34","3364.57","43.34","236.81","2252","484.49","54.61","21.66","18.74","56.73","26.58","4.91","28.83","25.29","110.59","7.74","15.87","516.85","7685.48","2434.99","36.68","205.59","181.22","0.06","2.59","13.26","4.96","3.51","263.7","8.98","78.78","154.48","5.09","905.5","810.25","95.25","1386.53","774.99","5.95","1059.74","318.49","140.26","147.96","21676.85","220.62","21897.47",
"1995","Annual","3977.38","3336.54","485.87","81.83","73.14","9845.97","6393.05","6375.97","2.24","1.14","13.7","2898.47","46.07","232.32","1893.22","385.1","53.66","22.08","21.76","57.26","25.58","3.31","30.13","16.99","111.01","7.61","16.02","530.81","7837.13","2436.69","37.05","208.58","183.03","0.04","2.72","13.45","5.76","3.58","279.21","8.48","91.38","156.8","5.9","942.01","844.28","97.73","1430.72","803.66","6.17","1059.12","318.3","138.09","171.63","21660.49","221.07","21881.56",
"1996","Annual","4133.55","3463","499.96","82.24","88.35","10402.19","6850.37","6832.84","2.43","1.24","13.86","2990.69","51.35","221.35","1928.11","440.33","52.72","22.51","22.98","57.8","26.8","3.19","31.48","20.63","111.43","7.78","16.17","537.18","8033.13","2457.4","37.9","213.74","186.69","0.05","2.8","13.86","6.62","3.72","298.83","8.57","105.09","161.51","6.78","978.71","878.05","100.66","1445.02","832.58","6.39","1089.77","327.52","141.1","197.38","22568.87","230.83","22799.69",
"1997","Annual","4305.68","3611.91","512.46","82.98","98.33","10599.7","6952.09","6933.58","2.62","1.13","14.75","3051.91","50.53","228.08","1988.95","433.06","51.8","22.95","23.14","58.34","28.07","2.48","32.9","19.75","111.85","7.73","16.41","571.56","8325.74","2494.26","39.04","220.75","192.29","0.05","2.87","14","7.61","3.93","327.34","8.59","120.85","172.8","7.8","1019.11","914.93","104.18","1536.91","861.73","6.62","1108.61","333.18","143.41","226.99","23231.12","238.22","23469.34",
"1998","Annual","4475.24","3752.77","526.3","83.98","112.2","10641.26","7103.38","7083.99","2.62","1.14","15.64","2908.21","45.35","87.79","2029.21","392.89","50.89","23.39","23.02","58.07","26.82","2.61","34.38","21.51","112.27","7.23","16.58","605.85","8713.25","2569.09","40.29","229.6","199.02","0.06","2.91","14.28","9.14","4.2","369.7","8.26","145.02","190.08","9.36","1068.61","960.68","107.93","1628.65","904.81","6.95","1127.46","338.84","147.5","272.38","23829.76","245.39","24075.15",
"1999","Annual","4703.64","3949.42","541.03","85.07","128.12","10201.81","6572.89","6552.69","2.81","1.17","16.23","2975.62","47.44","87.51","2098.11","388.39","50","23.85","23.09","57.8","25.63","2.2","35.93","22.98","112.7","7.33","17.11","628.87","9062.14","2633.32","41.7","238.12","204.99","0.06","2.96","14.63","10.97","4.52","421.27","8.55","174.03","210.98","11.23","1106.34","994.3","112.04","1690.33","944.63","7.25","1146.31","344.51","150.27","326.86","23967.59","248.18","24215.78",
"2000","Annual","4840.97","4067.9","553.48","86.35","133.25","10962.84","7302.99","7281.94","2.99","1.2","16.85","2980.65","46.98","87.13","2102.58","391.16","50.67","23.62","23.13","57.53","26.36","1.87","34.68","22.66","112.29","7.47","17.7","654.03","9365.72","2675.45","43.24","246.35","211.34","0.06","3.03","15.22","11.84","4.85","462.5","8.85","187.95","236.3","12.13","1151.59","1033.08","118.51","1756.08","985.26","7.56","1165.15","350.17","157.23","353.01","25169.54","260.88","25430.42",
"2001","Annual","5024.54","4222.48","570.08","88.07","143.91","11576.32","7685.37","7662.98","2.73","1.13","18.53","3050.51","136.78","100.75","2079.32","383.54","51.34","23.39","21.9","57.26","27.1","1.81","33.47","21.96","111.89","89.8","18.13","732.51","10057.76","2742.34","45.19","257.69","220.43","0.07","3.1","15.83","13.03","5.24","821.72","9.23","206.74","265.84","13.35","1202.82","1079.57","123.25","1843.82","1034.52","7.94","1184","355.83","160.23","388.31","26658.62","276.69","26935.32",
"2002","Annual","7817.08","6977.88","597.5","88.69","153.02","11725.42","7247.86","7225.68","1.71","1.14","19.34","3591.4","126","101.83","2630.46","378.69","51.91","23.07","23.74","56.05","25.78","1.8","36","22","114.08","102.35","19.49","764.33","11202.68","2920.11","48.28","307","261.51","0.07","2.85","18.84","15.18","8.55","953.87","10.24","237.83","283.07","15.35","1556.69","1397.18","159.51","1899.13","1101.59","8.46","1398.33","383.83","163.35","446.7","30745.19","319.08","31064.27",
"2003","Annual","8364.83","7493.02","622.56","90.02","159.23","13151.23","8975.81","8952.62","1.71","1.09","20.4","3203.24","137.96","105.89","2183.1","390.81","87.67","23.05","23.87","55.96","28.06","1.98","31.82","22.66","110.4","119.88","21.09","831.21","11488.74","3088.31","50.52","310.77","264.6","0.07","2.84","20.23","15.18","7.85","1083.72","10.81","240.95","295.52","15.55","1396.78","1268.02","128.76","1956.11","1150.02","8.83","1398.33","410.83","166.43","452.55","33004.8","341.83","33346.62",
"2004","Annual","8888.57","7956.66","663.03","95.87","173.02","13382.86","9275.14","9248.05","1.88","1.21","24","3169.21","151.76","116.48","2133","384.58","90.02","22.88","23.75","54.5","25.07","1.87","33.03","22.52","109.76","140.27","23.38","774.86","13786.3","4220.22","123.33","465.19","415.91","0.08","3.01","21.42","16.08","8.7","1459.29","12.11","267.09","327.58","17.24","1442.45","1299.72","142.73","2168.33","1189.54","9.13","1550.04","455.4","184.49","501.65","36057.74","373.64","36431.37",
"2005","Annual","9516.99","8524.15","707.87","101.55","183.43","13609.76","9323.75","9294.05","2.06","1.34","26.29","3242.2","166.93","129.37","2158.95","387.69","94.48","23.93","22.25","56.45","25.71","1.87","32.99","22.45","119.12","149.39","25.83","868.59","15252.04","4790.51","136.22","495.13","442.53","0.08","3.18","22.66","17.03","9.65","1775.49","13.26","295.14","354.43","19.05","1491.76","1333.55","158.21","2408.82","1252.58","9.62","1612.04","503.44","203.06","554.32","38378.8","398.22","38777.01",
"2006","Annual","10222.47","9162.65","756.73","107.66","195.43","13342.47","8907.47","8874.7","2.27","1.51","28.99","3268.55","183.66","144.28","2169.68","361.55","99.38","23.62","23.55","56.26","27.23","2.08","34.67","21.23","121.36","156.35","28.65","981.45","17138.74","5521.46","153.8","529.99","473.4","0.09","3.37","24.37","18.07","10.7","2223.8","14.5","326.45","385.27","21.07","1573.21","1397.11","176.1","2690.07","1336.33","10.26","1683.8","557.67","224.14","613.14","40703.68","423","41126.68",
"2007","Annual","10958.47","9826.77","809.16","114.25","208.29","13085.27","8508.82","8471.95","2.5","1.69","32.69","3271.65","202.17","161.6","2111.53","385.44","104.37","23.61","23.74","55.64","28.84","2.12","39.13","22.73","110.73","163.7","31.78","1109.31","19342.14","6360.81","173.72","567.51","506.58","0.09","3.58","26.21","19.18","11.86","2811.95","15.88","361.13","418.88","23.31","1660.36","1464.31","196.05","3005.42","1425.8","10.95","1758.82","617.78","247.44","678.27","43385.88","451.51","43837.39",
"2008","Annual","11645.37","10437.99","864.19","121.22","221.97","12817.79","7989.19","7947.72","2.72","1.89","36.86","3369.71","222.39","180.42","2165.21","374.02","115.25","23.43","24.28","55.68","32.48","2.33","42.61","21.75","109.86","169.35","35.24","1254.3","21856.86","7252.6","196.2","607.81","542.2","0.1","3.8","28.2","20.36","13.16","3587.62","17.28","399.77","455.53","25.81","1749.11","1531.52","217.59","3359.76","1521.04","11.68","1836.91","684.31","273.16","750.84","46320.01","482.75","46802.76",
"2009","Annual","12330.33","11046.16","920.2","128.31","235.66","13138.95","8030.01","7983.63","2.96","2.11","41.31","3491.29","237.85","199.97","2268.1","344.06","121.36","23.51","24.94","57.69","32.65","2.49","43.07","21.37","114.23","174.32","38.83","1404.5","24573.09","8085.44","219.53","650.21","579.68","0.1","4.01","30.44","21.48","14.51","4610","18.63","439.32","494.18","28.36","1827.97","1589.49","238.47","3727.34","1615.16","12.4","1918","752.79","300.74","825.12","50042.36","521.9","50564.26",
"2010","Q1","2594.76","2262.18","237.3","30.42","64.86","3284.29","1952.21","1937.63","1.11","0.81","12.65","875.41","63.52","54.47","565.18","80.3","30.76","5.98","6.25","14.95","8.39","0.62","10.99","5.26","28.73","44.52","10.77","401.38","6704.43","2191.34","63.14","144.85","129.03","0.02","0.83","7.22","3.98","3.77","1448.81","2.16","124.07","150.1","7.61","489.15","428.15","61","888.23","406.16","3.2","497.14","205.69","85.6","273.51","12583.48","206.9","12790.38",
"2010","Q2","2873.38","2561.46","216.1","34.38","61.43","3314.21","1993.68","1983.89","0.86","0.66","8.26","880.64","63.47","54.9","568.09","81.38","30.95","6.05","6.27","15.08","8.42","0.62","11.03","5.42","28.97","40.13","11.21","388.55","6746.94","2234.2","52.91","176.51","158.93","0.03","1.12","7.77","5.08","3.57","1432.94","1.71","108.98","118.14","6.03","481","412.56","68.44","972.28","425.06","3.42","479.66","212.77","81.77","188.39","12934.53","206.97","13141.5",
"2010","Q3","4000.03","3660.1","247.97","33.75","58.21","3422.53","2104.92","2092.03","0.4","0.55","11.94","892.15","63.62","55.56","574.13","87.4","29.92","6.18","6.31","13.97","8.48","0.63","11.1","5.79","29.06","44.53","11.75","369.19","6881.88","2230.76","65.72","177.67","157.5","0.02","1.29","8.71","6.29","3.86","1489.95","2.26","125.34","118.85","7.96","453.04","390.91","62.13","1062.7","438.72","3.31","471.73","203.3","79.49","197.53","14304.44","212.15","14516.59",
"2010","Q4","3580.73","3200.16","278.19","37.17","65.21","3805.4","2403.74","2389.12","0.84","0.33","13.45","930.45","64.55","56.15","591.13","103.46","31.75","6.15","6.34","15.55","8.58","0.64","11.35","5.42","29.39","50.29","9.07","411.85","7403.69","2336.35","64","195.74","173.68","0.04","0.98","8.97","7.3","4.78","1583.36","2.65","120.8","148.01","9.34","485.62","417.12","68.51","1204.78","441.75","3.2","549.93","204.91","84.11","240.59","14789.82","231.06","15020.88",
"2010","Annual","13048.89","11683.9","979.56","135.72","249.71","13826.43","8454.55","8402.68","3.22","2.35","46.3","3578.64","255.16","221.09","2298.52","352.54","123.38","24.36","25.17","59.55","33.86","2.51","44.47","21.89","116.14","179.47","42.79","1570.97","27736.94","8992.65","245.76","694.77","619.14","0.11","4.23","32.67","22.65","15.98","5955.06","8.78","479.19","535.1","30.93","1908.81","1648.74","260.07","4127.99","1711.7","13.14","1998.47","826.67","330.96","900.02","54612.26","857.09","55469.35",
"2011","Q1","2653.86","2312.36","240.59","30.16","70.76","3878.28","2423.14","2406.68","1.3","0.9","14.26","958.33","67.94","53.31","583.94","100.4","30.5","6.53","6.94","22.87","17.88","1","23.36","6.23","37.44","62.75","10.86","423.2","6918.57","2336.15","64.46","153.36","132.89","0.02","0.65","11.91","4.09","3.81","1420.19","2.57","117.09","159.63","18.34","342.27","280.88","61.38","902.31","464.33","3.43","596.12","237.24","98.08","282.29","13450.72","171.08","13621.79",
"2011","Q2","2955.29","2624.44","224.92","37.66","68.27","3708.68","2205.66","2193.57","1.06","0.81","10.21","1035.17","67.81","58.5","609.68","136.58","31.88","6.9","10.21","23.95","18.68","1.08","24.45","6.6","38.84","58.57","12.36","396.93","7093.76","2389.49","53.17","182.38","160.45","0.03","0.96","10.81","6.1","4.03","1522.29","2.08","122.73","134.82","20.46","368.76","298.34","70.42","984.56","481.39","3.41","559.72","226.86","99.75","201.51","13757.73","159.58","13917.31",
"2011","Q3","4130.57","3783.27","249.86","35.77","61.67","3610.81","2036.65","2022.2","0.49","0.62","13.34","1092.26","67.65","62.2","624.73","160.94","34.07","7.46","10.39","26.71","19.54","1.2","26.05","6.73","44.58","60.24","11.86","409.8","7078.24","2394.39","70.6","192.58","165.44","0.03","1.23","14.18","7.83","3.87","1417.25","3.53","121.89","128.6","18.84","330.11","267.13","62.98","1043.02","517.33","3.52","537.21","269.74","86.72","196.93","14819.62","187.97","15007.59",
"2011","Q4","3689.65","3297.13","284.04","38.86","69.62","3788.85","1992.61","1976.19","1.03","0.37","15.03","1130.43","67.59","64.2","648.17","173.93","33.82","7.62","11.4","25.51","20.02","1.29","29.17","6.73","41.01","68.83","9.08","587.9","8004.47","2520.87","80.18","207.93","178.23","0.05","0.98","14.99","8.95","4.74","1723.32","3.93","119.85","173.9","19.18","353.55","283.2","70.35","1215.97","568.42","3.46","614.33","353.83","89.57","253.86","15482.97","150.68","15633.66",
"2011","Annual","13429.38","12017.19","999.4","142.46","270.32","14986.62","8658.05","8598.64","3.87","2.71","52.84","4216.19","271","238.2","2466.51","571.85","130.27","28.52","38.94","99.04","76.11","4.57","103.03","26.29","161.87","250.39","44.16","1817.83","29095.04","9640.9","268.42","736.24","637","0.12","3.81","51.89","26.96","16.45","6083.05","12.12","481.56","596.95","76.81","1394.7","1129.56","265.13","4145.87","2031.47","13.82","2307.38","1087.67","374.12","934.6","57511.04","669.31","58180.35",
"2012","Q1","2805.8","2463.38","235.76","31.43","75.23","3956.63","2225.13","2207.3","1.44","0.92","15.47","1179.1","55.64","65.49","630.28","207.27","39.86","8.03","10.03","29.48","26.02","1.11","31.09","9.47","65.32","77.74","10.6","464.06","7153.08","2372.08","76.81","149.02","126.45","0.02","0.61","12.58","5.21","4.15","1483.62","3.33","125.31","159.96","24.92","438.29","384.33","53.97","939.11","501.46","3.06","431.9","242.69","102.5","387.61","13915.51","190.16","14105.66",
"2012","Q2","3160.09","2824.15","224.07","38.1","73.77","3797.66","1985.41","1970.22","1.33","0.92","12.94","1169.05","56.29","67.89","639.31","199.84","38.73","7.45","15.76","27.12","26.71","1.14","30.93","8.83","49.04","75.55","13.37","554.28","7365.3","2429.74","58.6","177.25","152.28","0.05","1.13","11.13","8.27","4.39","1609.9","3.35","132.27","143.44","26.31","444.55","380.63","63.91","1029.07","503.7","3.44","463.26","231.09","102.05","286.33","14323.05","181.4","14504.45",
"2012","Q3","4307.97","3972.24","234.4","36.46","64.87","4016.87","2238.67","2221.02","0.57","0.65","16.42","1245.86","55.64","68.38","713.26","201.73","39.82","7.42","15.08","28.78","26.87","1.14","31.11","8.61","48.03","62.09","12.4","457.86","7320.59","2453.21","82.63","185.06","155.17","0.03","1.18","14.65","9.86","4.17","1442.73","2.9","113.92","124.38","22.66","392.16","339.99","52.17","1109.84","569.87","3.48","436.98","274.6","90.3","257.07","15645.43","180.56","15826",
"2012","Q4","4055.84","3659.77","278.53","40.1","77.44","3579.29","1795.18","1774.72","1.23","0.4","18.84","1189.65","55.94","68.59","645.45","206.44","38.93","7.45","21.04","26.69","26.83","1.14","31.36","8.41","51.39","71.6","9.61","513.26","8410.77","2598.65","92.92","199.74","167.95","0.05","0.83","15.75","10.05","5.12","1732.26","3.05","120.4","159.65","23.95","412.91","356.76","56.15","1301.91","615.04","3.39","506.6","357.52","95.44","470.46","16045.9","188.04","16233.94",
"2012","Annual","14329.71","12919.54","972.76","146.09","291.31","15350.45","8244.39","8173.26","4.58","2.89","63.66","4783.66","223.52","270.35","2628.31","815.29","157.34","30.35","61.9","112.06","106.43","4.53","124.49","35.32","213.79","286.97","45.97","1989.46","30249.74","9853.68","310.95","711.08","601.85","0.15","3.75","54.1","33.39","17.83","6268.51","12.63","491.89","587.43","97.83","1687.91","1461.7","226.2","4379.94","2190.07","13.37","1838.73","1105.9","390.3","1401.47","59929.89","740.16","60670.05",
"2013","Q1","2874.85","2507.23","250.84","34.44","82.34","4028.51","1975.89","1955.77","1.72","1.02","17.38","1428.43","87.22","89.83","708.14","279.29","42.1","10.99","19.28","36.61","33.7","1.13","34.36","11.04","74.73","77.33","14.72","532.14","7632.07","2520.21","126.76","155.64","131.82","0.02","0.61","13.02","5.73","4.46","1574.54","3.6","154.52","195.05","28.44","475.57","418.27","57.3","1020.11","508.25","3.19","416.46","286.85","106.63","409.41","14535.42","179.91","14715.33",
"2013","Q2","3241.18","2881.45","239.58","39.18","80.96","3831.45","1664.98","1646.66","1.63","1.11","15.58","1433.79","86.33","92.92","722.94","268.43","42.31","10.78","24.12","36.19","34.54","1.17","34.39","11.08","68.58","84.36","19.97","628.36","8024.14","2565.52","101.61","183.61","155.2","0.05","1.16","12.18","9.93","5.08","1758.52","3.85","165.08","188.2","30.39","483.74","414.15","69.59","1192.29","519.52","3.54","464.79","256.1","112.14","352.37","15096.76","165.55","15262.31",
"2013","Q3","4456.11","4102.29","246.42","37.63","69.77","4012.72","1914.65","1894.18","0.68","0.75","19.04","1481.92","85.13","96.48","758.93","271.1","43.2","11.1","24.54","37.37","35.04","1.21","35.29","11.31","71.22","77.07","18.11","520.97","7985.54","2618.69","143.86","191.7","158.25","0.03","1.28","15.88","11.7","4.56","1545.84","3.3","141.65","154.9","26.07","429.15","374.26","54.89","1258.41","590.17","3.48","436.43","334.79","102.44","304.49","16454.37","192.42","16646.8",
"2013","Q4","4178.39","3756.82","294.1","43.06","84.41","3809.78","1632.63","1608.67","1.47","0.45","22.04","1482.23","86.03","97.2","748.58","277.57","43.7","11.15","24.69","38.04","35.24","1.24","37.07","10.98","70.72","90","14.01","590.91","9143.99","2803.48","168.4","207.12","170.86","0.06","0.87","18.06","11.78","5.5","1904.17","3.49","149.63","199.17","27.54","445.18","385.45","59.73","1433.83","647.17","3.51","511.16","400.67","106.5","485.25","17132.16","186.24","17318.41",
"2013","Annual","14750.52","13247.8","1030.94","154.31","317.47","15682.46","7188.15","7105.28","5.5","3.33","74.04","5826.36","344.71","376.45","2938.61","1096.39","171.31","44.02","92.64","148.21","138.51","4.76","141.11","44.4","285.25","328.76","66.81","2272.38","32785.73","10507.9","540.63","738.08","616.13","0.16","3.92","59.14","39.14","19.6","6783.07","14.23","610.87","737.32","112.44","1833.65","1592.13","241.52","4904.64","2265.11","13.72","1828.84","1278.41","427.72","1551.53","63218.72","724.12","63942.85",
"2014","Q1","3033.97","2643.11","264.91","36.69","89.25","4223.47","1849.63","1826.67","2","1.13","19.84","1648.57","73.94","117.34","748.29","375.61","46.84","11.88","27.31","49.68","43.93","1.2","38.78","14.41","99.36","80.22","17.75","627.29","8181.24","2678.51","156.26","160.21","135.02","0.02","0.67","13.57","6.06","4.87","1681.21","3.99","184.08","217","32.85","517.77","457.46","60.31","1052.42","538.01","3.14","445.39","307.2","109","499.26","15438.68","162.37","15601.05",
"2014","Q2","3360.45","2983.93","250.46","41.16","84.91","4175","1753.53","1731.38","1.95","1.32","18.88","1634.73","80.5","119.05","760.29","346.81","48.03","12.31","33.41","48.75","44.46","1.22","39.52","13.69","86.68","67.01","24.17","695.57","8549.17","2697.76","125.86","190.84","160.47","0.06","1.24","12.58","10.97","5.53","1898.29","4.31","198.64","207.72","34.48","517.58","442.6","74.98","1251.3","553.52","3.54","470.24","274.9","119.84","411.03","16084.62","164.74","16249.37",
"2014","Q3","4655.32","4281.85","260.49","38.52","74.46","4230.77","1848.97","1826.08","0.82","0.89","21.17","1718.99","92.55","123.58","808.19","353.01","48.67","12.91","34.24","51.25","45.93","1.32","41.04","14.02","92.28","60.45","22.46","579.91","8593.04","2796.9","169.95","199.76","164.18","0.03","1.38","16.14","13.13","4.89","1674.17","3.65","171.47","175.24","30.02","465.89","406.65","59.23","1332.69","631.1","3.66","441.97","364.18","119.12","363.62","17479.13","228.41","17707.53",
"2014","Q4","4330.65","3884.56","310.98","44.97","90.13","4112.92","1654.9","1627.68","1.81","0.54","24.86","1681.93","64.39","128.31","787.23","362.91","49.53","13.14","32.82","49.29","46.05","1.32","43.77","13.64","89.52","92.53","17.86","665.7","9706.8","2952.62","187.64","219.88","179.63","0.06","0.97","18.57","14.54","6.1","2003.39","4.1","181.57","227.41","31.84","481.43","417.07","64.37","1519.31","667.81","3.63","517.34","445.68","124.67","551.54","18150.36","269.15","18419.51",
"2014","Annual","15380.39","13793.45","1086.85","161.34","338.75","16742.15","7107.03","7011.81","6.59","3.88","84.75","6684.22","311.38","488.28","3104","1438.34","193.07","50.24","127.77","198.96","180.37","5.07","163.11","55.77","367.84","300.21","82.23","2568.46","35030.24","11125.8","639.71","770.69","639.3","0.17","4.26","60.87","44.69","21.39","7257.06","16.05","735.77","827.37","129.18","1982.67","1723.78","258.89","5155.73","2390.44","13.98","1874.94","1391.95","472.63","1825.45","67152.79","824.67","67977.46",
"2015","Q1","3176.6","2760.88","281.97","38.28","95.47","4116.74","1703.41","1677.85","2.29","1.22","22.04","1637.07","34.12","144.57","742.15","355.96","50.63","12.69","34.29","58.55","53.92","1.23","40.51","14.73","93.73","57.82","21.07","697.37","8757.27","2851.77","197.92","166.4","139.38","0.02","0.73","14.42","6.52","5.33","1840.8","4.51","219.23","272.57","38.82","564.4","501","63.39","1084.79","575.22","3.31","389.6","328.51","111.3","604.42","16050.6","153.2","16203.8",
"2015","Q2","3477.85","3079.45","265.99","42.81","89.61","4036.7","1637.48","1613.75","2.14","1.41","20.18","1572.34","28.55","146.13","715.46","335.8","50.72","13.14","38.83","55.12","52.01","1.22","40.58","13.63","81.13","59.23","27.45","740.2","8948.8","2834.61","114.57","200.08","168.4","0.06","1.34","12.98","11.51","5.78","2017.15","4.73","195.48","260.01","36.65","550.73","471.97","78.76","1288.49","586.85","3.65","420.19","294.87","122.7","478.25","16463.34","159.71","16623.05",
"2015","Q3","4816.52","4423.69","274.83","39.38","78.62","4225.39","1869.88","1845.39","0.9","0.95","22.64","1688.87","81.93","149.8","736.52","358.24","51.44","13.79","39.42","58.03","53.4","1.32","42.21","12.45","90.31","61.74","25.6","579.3","8934.32","2920.1","160.75","209.45","172.37","0.04","1.49","16.65","13.79","5.12","1762.35","4.01","171","201.49","31.94","496.47","434.19","62.29","1360.1","665.08","3.77","385.49","393.44","122.1","423.28","17976.23","232.24","18208.48",
"2015","Q4","4481.26","4010.93","328.53","46.79","95.01","3987.83","1521.74","1492.97","1.95","0.58","26.24","1688.34","56.29","155.67","742.93","373.01","52.42","14.05","38.45","55.53","53.29","1.36","44.89","11.87","88.57","93.64","20.76","663.35","10064.67","3091.1","180.98","229.52","187.67","0.06","1.05","19.07","15.28","6.38","2087.81","4.45","179.93","257.61","33.92","512.29","444.67","67.63","1531.31","688.92","3.75","449.5","481.89","128.23","645.43","18533.75","211.61","18745.36",
"2015","Annual","15952.22","14274.94","1151.32","167.26","358.7","16366.66","6732.51","6629.96","7.27","4.16","91.11","6586.62","200.88","596.17","2937.06","1423.02","205.21","53.67","150.99","227.23","212.63","5.13","168.19","52.68","353.74","272.43","94.88","2680.22","36705.05","11697.59","654.22","805.46","667.81","0.18","4.62","63.12","47.11","22.62","7708.11","17.7","765.64","991.68","141.33","2123.9","1851.83","272.07","5264.7","2516.07","14.47","1644.78","1498.71","484.34","2151.38","69023.93","756.76","69780.69",
"2016","Q1","3274.73","2844.12","292.86","39.16","98.58","3841.54","1603.9","1597.16","2.36","1.92","2.45","1522.49","26.41","138.28","659.62","345.42","50.45","12.49","36.31","61.78","56.51","0.97","40.08","11.9","82.27","32.11","23.09","659.95","8827.45","2909.26","183.25","190.91","162.96","0.02","0.76","14.73","6.67","5.78","1915.71","4.71","208","291.26","42.08","500.72","435.07","65.65","1033.87","569.88","3.29","372.47","341.07","111.91","653.02","15943.71","143.52","16087.23",
"2016","Q2","3635.53","3224.83","282.79","44.45","83.47","3746.44","1450.44","1426.08","2.19","1.47","20.69","1519.45","42.59","138.12","675.88","330.07","47.71","12.33","39.74","56.73","53.63","1.19","41.34","9.63","70.48","53.03","29.78","693.74","8836.57","2833.63","107.24","189.4","162.14","0.06","1.35","12.65","11.34","1.86","2044.48","4.84","183.74","275.75","37.31","491.16","409.47","81.69","1220.53","593.11","3.5","394.45","303.37","119.46","498.94","16218.54","130.75","16349.29",
"2016","Q3","5035.07","4639.61","276.91","40.2","78.35","3690.49","1446.35","1420.27","0.83","1.01","24.25","1614.89","81.23","140.42","694.14","354.98","48.2","13.19","38.82","59.78","55.1","1.27","42.62","8.31","76.84","57.62","27.82","543.81","8829.88","2879.66","152.91","210.97","174.54","0.04","1.51","16.13","13.7","5.06","1781.89","4.11","164.69","214.12","32.58","509.6","446.55","63.05","1259.87","674.36","3.77","371.73","393.01","119.28","440.26","17555.44","220.53","17775.97",
"2016","Q4","4662.01","4185.89","332.56","47.83","95.73","3639.68","1259.13","1228.69","1.96","0.62","27.85","1645.4","55.74","147.39","723.26","377.04","50.57","13.41","37.92","56.2","55.03","1.29","45.35","7.56","74.64","88.81","22.99","623.35","9911.85","3046.5","176.02","217.31","179.67","0.06","1.06","16.54","14.88","5.09","2116.63","4.47","177.99","271.35","34.61","526.03","457.67","68.37","1389.34","698.94","3.82","430.86","481.48","125.04","665.26","18213.54","226.4","18439.94",
"2016","Annual","16607.34","14894.45","1185.12","171.64","356.13","14918.15","5759.82","5672.21","7.34","5.02","75.24","6302.23","205.97","564.21","2752.9","1407.5","196.93","51.43","152.79","234.5","220.27","4.72","169.4","37.39","304.22","231.57","103.68","2520.85","36405.75","11669.06","619.42","808.6","679.31","0.18","4.69","60.05","46.58","17.79","7858.7","18.13","734.43","1052.47","146.58","2027.51","1748.75","278.76","4903.6","2536.29","14.37","1569.52","1518.93","475.69","2257.47","67931.24","721.19","68652.43",
"2017","Q1","3385.6","2943.53","297.9","40.18","103.99","3617.46","1356.85","1347.99","2.41","2.7","3.74","1543.19","27.21","140.82","686.44","349.45","51.7","12.65","35.98","61.33","55.5","0.84","39.77","7.5","74.01","30.5","26.01","660.92","8794.91","2819.56","176","211.05","183.09","0.02","0.77","14.96","6.4","5.81","1968.09","4.76","214.14","296.62","46.99","504.07","437.68","66.39","1001.77","578.3","3.33","364.77","344.01","113.1","663.88","15797.97","121.69","15919.66",
"2017","Q2","3745.09","3328.49","289.23","46.18","81.2","3827.76","1501.3","1476.4","2.3","1.45","21.15","1529.17","47.39","132.38","693.95","330.72","46.71","12.11","39.35","58.89","54.56","1.17","41.39","7.73","62.81","71.86","30.8","694.62","8761.87","2787.86","102.9","177.69","150.47","0.06","1.35","12.67","11.27","1.88","2020.91","4.98","175.41","290.72","37.08","542.51","457.72","84.78","1177.5","582.92","3.44","400.89","299.29","118.31","510.58","16334.72","142.71","16477.42",
"2017","Q3","5189.37","4787.57","283.89","41.79","76.12","3976.03","1773.74","1747.41","0.51","1.12","24.7","1568.85","44.35","134.02","698.17","355.65","48.8","12.96","38.91","60.85","55.47","1.28","42.48","6.54","69.37","64.22","27.91","541.31","8594.83","2829.61","153.18","197.78","163.55","0.04","1.51","16.21","13.73","2.74","1702.14","4.2","160.85","217.55","32.72","479.21","417.33","61.88","1207.99","665.06","3.79","369.04","388.21","118.26","447.83","17760.23","228.72","17988.95",
"2017","Q4","4859.44","4377.46","333.19","49.19","99.61","3817.03","1393.89","1366.25","2.02","0.82","24.8","1647.68","29.96","144.55","739","383.25","50.77","13.78","39.75","58.03","56.91","1.3","46.05","7.58","76.76","103.04","23.28","649.14","9921.6","3109.42","177.39","253.33","215.06","0.06","1.1","17.32","15.29","4.49","2085.76","4.61","179.81","293.01","35.84","527.21","469.59","57.63","1307.13","703.4","3.91","428.92","476.47","124.56","688.25","18598.07","221.59","18819.66",
"2017","Annual","17179.5","15437.05","1204.21","177.33","360.91","15238.28","6025.78","5938.05","7.24","6.1","74.4","6288.9","148.92","551.78","2817.56","1419.07","197.98","51.49","153.99","239.1","222.44","4.59","169.68","29.35","282.95","269.62","107.99","2545.99","36073.21","11546.45","609.47","839.85","712.17","0.18","4.75","61.16","46.68","14.92","7776.9","18.54","730.21","1097.9","152.63","2053","1782.33","270.68","4694.39","2529.68","14.47","1563.62","1507.98","474.24","2310.55","68490.98","714.71","69205.69",
"2018","Q1","3487.31","3045.16","292.39","41.36","108.4","3855.58","1548.23","1537.04","2.47","3.94","4.77","1595.56","29.13","148.25","723.94","355.92","52.49","13.08","36.47","58.3","55.75","0.92","40.11","7.67","73.54","32","29.03","650.77","8753.76","2747.17","176.5","241.53","211.7","0.02","0.79","16.48","6.55","5.99","1999.21","5.35","214.69","299.29","47.13","571.13","492.75","78.39","907.59","564.69","3.31","358.5","345.54","112.69","678.76","16096.65","138.3","16234.95",
"2018","Q2","3789.72","3378.03","283.58","48.01","80.1","3842.93","1443.69","1418.07","2.21","1.56","21.85","1539.57","37.21","137.47","702.37","339.76","47.75","12.82","38.72","59.25","55.26","1.21","39.73","7.51","60.51","77.31","34.49","747.86","8947.86","2728.13","105.4","216.35","185.62","0.06","1.41","15.75","11.27","2.24","2259.56","5.15","171.39","354.44","38.37","549.43","461.42","88.01","1131.76","594.97","3.32","380.01","297.29","118.79","524.47","16580.51","138.12","16718.63",
"2018","Q3","5288.34","4877.08","291.16","43.34","76.76","3971.66","1723.88","1696.61","0.5","1.31","25.46","1599.04","36.64","144.94","718.42","359.36","49.51","13.23","39.4","61.07","55.99","1.32","42.37","6.28","70.53","75.96","28.55","544.23","8821.34","2857.37","157.26","221.42","183.29","0.04","1.55","20.16","14.21","2.17","1907.89","4.38","160.13","226.28","33.65","456.18","393.67","62.51","1175.66","677.86","3.87","365.54","386.57","117.46","460.63","18081.34","223.78","18305.13",
"2018","Q4","4978.78","4486.17","341","50.04","101.57","3853.26","1376.68","1344.16","1.64","0.89","30","1686.42","40.03","145.97","755.42","387.99","51.6","14.14","40.35","59.34","58.86","1.3","46.2","7.14","78.07","104.02","23.71","662.43","10209.4","3141.12","181.03","277.34","234.63","0.07","1.12","21.43","15.56","4.53","2361","4.78","180.79","298.91","37.34","517.93","459.59","58.33","1256.85","706.61","3.94","427.54","478.16","123.77","696.78","19041.44","236.2","19277.64",
"2018","Annual","17544.15","15786.44","1208.13","182.75","366.83","15523.43","6092.48","5995.88","6.82","7.7","82.08","6420.59","143","576.63","2900.15","1443.03","201.35","53.26","154.93","237.96","225.87","4.76","168.42","28.6","282.64","289.29","115.78","2605.29","36732.37","11473.79","620.19","956.64","815.24","0.18","4.88","73.81","47.6","14.93","8527.66","19.66","727.01","1178.92","156.48","2094.68","1807.43","287.24","4471.86","2544.14","14.44","1531.58","1507.56","472.7","2360.64","69799.94","736.41","70536.35",
"2019","Q1","3597.92","3144.59","294.97","42.27","116.09","3871.8","1527.06","1514.64","3.24","3.01","6.17","1608.46","14.67","152.41","736.65","359.51","53.22","13.35","37.08","60.44","58.18","0.94","40.71","8.69","72.61","34.71","30.12","671.45","8964.84","2770.45","183.83","288.64","257.17","0.02","0.8","17.98","6.69","5.98","2188.81","5.35","217.13","306.26","50.49","527.75","447.34","80.4","916.06","574.48","3.36","307.55","346.17","112.51","694.74","16434.55","135.18","16569.73",
"2019","Q2","3857.71","3443.61","283.56","49.56","80.98","3952.22","1544.77","1519.8","2.38","1.5","21.09","1537.52","28.34","139.65","710.91","334.93","48.32","13.12","38.23","59.82","56.51","1.24","38.52","7.39","60.55","77.65","39.44","752.83","9121.51","2721.32","108.48","233.71","200.85","0.06","1.4","17.69","11.48","2.23","2463.11","5.39","167.33","365.78","38.68","537.15","445.2","91.95","1088.27","602.16","3.39","367.11","300.16","120.13","537.85","16931.43","144.67","17076.1",
"2019","Q3","5408.98","4994.73","291.22","44.98","78.05","4099.24","1830.51","1806.75","0.66","1.22","21.89","1616.58","25.37","154.9","739.8","355.32","51.19","13.5","39.45","61.63","56.57","1.33","40.23","6.18","71.13","66.98","28.01","557.15","8985.9","2815.89","160.85","261.81","220.27","0.04","1.57","23.23","14.55","2.15","2096.32","4.51","161.78","228.51","34.62","461.05","396.06","64.99","1148.47","660.13","3.99","367.76","391.17","118.47","465.38","18494.11","203.21","18697.32",
"2019","Q4","5093.98","4599.07","340.31","50.67","103.94","3959.09","1460.28","1429.67","1.44","0.87","28.31","1707.26","29.74","147.62","775.71","391.92","52.5","13.97","40.72","60.07","60.68","1.31","46.72","6.99","79.32","95.89","24.54","671.11","10474.65","3122.89","184.7","275.12","228.58","0.07","1.14","24.64","16.15","4.55","2561.68","4.93","182.26","305.4","39.15","622.44","562.24","60.2","1213.55","710.53","3.99","427.8","482.16","123.07","707.57","19527.72","223.21","19750.93",
"2019","Annual","17958.58","16181.99","1210.06","187.47","379.06","15882.35","6362.63","6270.86","7.71","6.6","77.46","6469.83","98.12","594.58","2963.08","1441.68","205.23","53.93","155.47","241.95","231.94","4.83","166.18","29.26","283.61","275.23","122.11","2652.54","37546.9","11430.55","637.86","1059.27","906.87","0.18","4.91","83.53","48.87","14.91","9309.92","20.17","728.49","1205.95","162.94","2148.39","1850.84","297.55","4366.35","2547.3","14.72","1470.22","1519.66","474.17","2405.54","71387.83","706.27","72094.09",
"2020","Q1","3677.15","3219.51","296.84","42.99","117.82","3959.17","1597.02","1591.25","1.83","2.89","1.05","1615.39","6.93","154.95","744.75","363.21","53.88","13.61","37.29","59.62","58.92","0.92","41.2","8.78","71.32","33.91","30.06","682.79","9105.49","2692.25","178.33","296.78","264.44","0.02","0.8","19","6.59","5.92","2356.23","5.35","217.84","311.8","51.26","637.49","554.72","82.77","872.53","572.26","3.29","280.72","348.56","113.7","702.09","16741.81","151.46","16893.27",
"2020","Q2","3918.67","3493.04","289.96","50.09","85.58","3476.09","1442.81","1419.04","2.63","1.39","19.75","1402.57","9.16","131.92","689.55","286.58","43.14","9.42","39.68","46.19","50.43","0.89","35.81","7.91","51.89","75.32","41.69","513.69","8503.18","2269.99","64.89","118.65","97.67","0.02","1","7.54","10.2","2.22","2834.91","4.4","159.63","397.91","35.22","636.49","571.69","64.8","848.91","509.35","3.31","374.51","227.75","122.4","456.8","15897.93","146.58","16044.51",
"2020","Q3","5484.06","5063.61","297.89","46.13","76.44","3848.24","1588.52","1555.77","0.57","1.14","31.04","1592.21","8.04","173.42","781.01","312.24","48.57","12.53","42.05","54.09","52.63","1.06","38.08","6.62","61.86","64.53","30","572.98","8492.18","2474.5","124.48","149.28","117.54","0.02","1.3","14.2","14.05","2.17","2401.46","4.25","164.39","235.9","33","475.84","422.98","52.86","994.52","592.06","3.94","380.9","310.04","121.81","430.33","17824.48","285.11","18109.6",
"2020","Q4","5268.29","4768.37","348.42","51.3","100.2","3670.22","1191.05","1147.14","1.1","0.79","42.02","1681.42","12.93","157.34","792.35","370.18","50.84","13.34","40.4","54.11","60.82","1.16","44.88","7.13","75.94","93.48","25.01","679.25","10611.64","3022.96","156.93","258.75","225.45","0.06","1","11.9","15.71","4.62","2944.55","4.81","186.84","318.89","38.55","599.87","548.27","51.59","1247.63","671.92","3.78","435.52","427.04","126.83","677.33","19550.15","203.02","19753.16",
"2020","Annual","18348.18","16544.52","1233.11","190.51","380.03","14953.72","5819.39","5713.2","6.13","6.21","93.85","6291.59","37.07","617.63","3007.66","1332.21","196.43","48.9","159.42","214.01","222.81","4.03","159.97","30.44","261","267.25","126.77","2448.72","36712.48","10459.7","524.63","823.47","705.11","0.12","4.1","52.64","46.55","14.93","10537.14","18.8","728.69","1264.49","158.04","2349.68","2097.67","252.02","3963.59","2345.58","14.32","1471.66","1313.39","484.74","2266.54","70014.37","786.17","70800.54",
"2021","Q1","3760.88","3293.95","301.75","43.54","121.64","3996.32","1562.06","1556.07","1.85","3.72","0.42","1670.39","2.97","172.31","797.69","346.76","52.61","13.58","38.75","61.34","59.91","0.88","40.53","9.07","73.99","36.84","34.5","692.52","9069.69","2626.86","170.12","231.81","201.64","0.02","0.75","16.76","6.56","6.07","2508.64","5.28","222.65","319.44","50.68","634.54","555.57","78.98","887.93","550.3","3.27","278.24","326.94","118.98","681.36","16826.89","135.62","16962.51",
"2021","Q2","3969.7","3541.21","290.34","50.63","87.52","3433.35","1265.56","1239.46","3.52","1.69","20.88","1451.51","4.88","137.05","723.16","291.6","43.18","9.54","43.34","47.62","51.48","0.91","36.33","8.29","54.15","134.19","49.4","532.69","9291.62","2780.51","66.17","209.79","187.9","0.03","1.01","7.91","10.62","2.3","2992.38","4.5","167.64","413.19","35.65","620.72","545.76","74.96","881.57","515.84","3.47","368.21","229.2","128.42","459.7","16694.67","209.57","16904.24",
"2021","Q3","5550.94","5132.24","298.26","47.04","73.4","3785.55","1420.85","1388.8","0.54","1.77","29.74","1660.56","4.2","183.27","828.39","315.47","49.23","12.74","46.27","56.21","54.63","1.09","38.93","6.94","63.18","73.8","33.89","596.45","9206.57","2769.06","127.08","180.04","142.35","0.03","1.51","18.93","14.96","2.26","2633.48","4.36","170.04","245.13","34.22","586.38","530.82","55.55","1017.59","598.66","4.07","380.34","314.29","127.89","433.47","18543.05","302.86","18845.92",
"2021","Q4","5456.9","4953.12","349.86","52.02","101.89","3668.56","1117.73","1054.72","1.8","1.16","60.06","1719.79","7.25","165.98","830.72","361.42","48.38","12.89","44.02","56.15","60.99","1.18","45.47","7.42","77.92","96.08","32.23","702.73","11203.61","3184.46","158.92","335.66","293.96","0.08","1.15","19.41","16.31","4.74","3092.56","4.97","192.37","331.9","40.21","744.65","686.4","58.25","1265.99","682.02","3.88","440.44","433.12","133.34","688.37","20329.06","341.05","20670.11",
"2021","Annual","18738.41","16920.52","1240.22","193.22","384.45","14883.77","5366.19","5239.05","7.71","8.33","111.09","6502.26","19.3","658.61","3179.96","1315.24","193.41","48.75","172.38","221.32","227","4.06","161.25","31.73","269.24","340.92","150.01","2524.39","38771.49","11360.9","522.28","957.3","825.87","0.17","4.42","63.01","48.45","15.37","11227.07","19.11","752.7","1309.65","160.77","2586.28","2318.55","267.74","4053.08","2346.82","14.69","1467.23","1303.55","508.63","2262.9","72393.67","989.1","73382.77",
"2022","Q1","3879.73","3391.63","318.5","44.14","125.46","3724.28","1157.69","1150.85","1.61","4.87","0.36","1768.82","1.66","188.81","875.93","342.48","53.81","13.38","42.75","63.52","60.12","0.84","39.93","9.53","76.07","32.72","39.06","726","9745.37","2798.78","173.41","191.45","151.97","0.04","0.8","25.26","7.11","6.26","2811.32","5.45","229.67","330.47","51.85","781.98","696.87","85.11","927.32","560.47","3.39","283.59","333.06","126.01","702.74","17349.38","223.89","17573.27",
"2022","Q2","4017.42","3595.83","282.02","51.28","88.3","3354.31","1125.17","1093.61","4.8","1.26","25.51","1495.12","2.82","143.74","760.08","283.34","44.41","9.7","47.37","49.24","53.01","0.92","37.31","7.63","55.55","118.79","61.12","554.11","9914.15","2905.99","68.17","318.16","293.85","0.02","1.04","9.69","11.14","2.42","3188.31","4.66","157.57","433.43","35.69","735.4","655.22","80.18","920.49","525.94","3.54","375.59","231.85","131.28","473.72","17285.88","192.34","17478.22",
"2022","Q3","5625.36","5200.73","302.9","48.07","73.67","3482.78","1118.13","1073.9","0.31","2.41","41.52","1628.91","2.32","190.85","794.84","302.9","50.31","12.21","51.4","58.46","52.48","1.12","40.1","7.13","64.79","71.18","35.21","629.36","9851.81","2909.77","135.68","254.93","213.08","0.02","1.8","21.69","15.96","2.38","2910.89","4.88","208.15","261.26","36.88","660.84","594.68","66.16","1064.03","611.99","4.23","389.18","317.74","133.75","421.89","18959.95","334.06","19294.01",
"2022","Q4","5568.55","5072.56","344.31","52.87","98.81","3634.21","990.44","913.55","1.48","1.13","74.28","1768.54","4.41","172.44","871.8","357.19","47.36","12.73","47.13","58.49","61.8","1.23","46.28","7.74","79.94","110.71","35.06","729.46","11841.49","3329.16","167.05","338.28","291.97","0.09","1.39","22.9","16.93","4.99","3412.53","5.19","201.14","354.83","43.24","831.13","771.59","59.53","1301.22","701.92","3.99","446.76","438.46","138.94","688.81","21044.25","379.19","21423.44",
"2022","Annual","19091.07","17260.75","1247.72","196.36","386.24","14195.58","4391.42","4231.9","8.19","9.66","141.66","6661.39","11.21","695.84","3302.66","1285.91","195.89","48.03","188.65","229.71","227.41","4.11","163.61","32.03","276.34","333.39","170.45","2638.93","41352.81","11943.7","544.31","1102.81","950.87","0.17","5.04","79.54","51.15","16.04","12323.04","20.17","796.53","1379.99","167.66","3009.35","2718.36","290.98","4213.07","2400.32","15.15","1495.13","1321.11","529.99","2287.16","74639.47","1129.48","75768.95",
"2023","Q1","3844.85","3457.23","221.13","44.68","121.8","3735.98","1111.85","1102.44","1.63","7.42","0.36","1797.29","1.06","191.78","910.12","329.87","55.23","13.59","45.41","65.06","60.73","0.83","39.75","10.04","73.81","35.83","41.23","749.76","10169.24","2835.34","179.63","209.38","164.16","0.02","0.95","30.17","7.66","6.41","3101.31","5.58","235.83","351.28","54.69","949.11","870.82","78.3","943.07","577.74","3.23","289.34","335.47","129.11","561.82","17750.06","244.22","17994.28",
"2023","Q2","4077.72","3661.39","275.52","52.24","88.56","3289.15","988.36","946.74","4.04","2.08","35.5","1528.01","1.82","148.54","792.98","270.93","45.46","9.84","50.4","50.3","54.42","0.93","38.18","7.33","56.86","126.04","73.69","573.06","10352.47","2976.15","70.48","157.03","131.81","0.02","1.1","10.11","11.52","2.47","3462.42","4.78","154.43","458.12","36.6","932.82","846.77","86.04","937.72","541.13","3.61","383.79","235.13","133.84","481.73","17719.34","221.72","17941.05",
"2023","Q3","5698.27","5270.72","306.48","49.13","71.95","3498.69","1096.17","1064.78","0.49","4.08","26.83","1636.75","1.46","198.87","802.11","294.58","51.45","11.75","54.88","59.75","50.27","1.15","39.71","7.34","63.42","72.53","39.41","653.83","10245.32","2954.18","140.52","163.54","120.06","0.03","1.93","22.6","16.58","2.34","3105.77","5.03","206.04","269.56","38.52","847.28","771.06","76.22","1084.24","625.17","4.35","397.17","322.35","137.67","424.56","19442.28","447.37","19889.65",
